"Timestamp","Name","Email","Wallet Address ","How would you rate the experience?","Any feedback or suggestions for improvement?"
"2026/04/22 8:53:02 pm GMT+5:30","Aditi","aditidmhaske17@gmail.com","GAWOCI3JKKRFYYUJGOR7I3LZM6BMFCLUBN3EXBNLRISO6XWW3YDSTHDU","5","excellent "
"2026/04/22 8:57:28 pm GMT+5:30","Gayatri Deshmukh","ggdeshmukh12107@gmail.com","GBQQRG45YXIOLM7UR2W7DN2XP7SZVIDY4D5NWCUMRX7CEXJVVFGU26PB","5","fabulous"
"2026/04/22 9:07:17 pm GMT+5:30","Janhavi Mane","janhavimane123@gmail.com","GAEXD3KCFE3CBWDGSNQ5A624AMH74B4ONAEEF2QRUWHX6SOTTAVUGKRV","5","Wonderful application"
"2026/04/22 9:45:02 pm GMT+5:30","Poorva ","poorvam2006@gmail.com","GAOQKOFH6R3FG5TS6SMJO2RHAJJG2F4MMBKFGT4Z3OKHZCO7UA2AOI3E","5","Liked the app, great idea"
"2026/04/23 7:54:57 pm GMT+5:30","Anurag BIdgar","anuragbidgar18@gmail.com","GAJ23UGXDYDBEBLI5JAE77LFTSQUTWJ6RIGXYAJJILDWWUHNMXEXK3X3","5","all good "
2026/04/23 08:00:00 PM GMT+5:30,Alice 1,alice1@example.com,GIE4FIZAKW2Z5ZPV5ELEEHWWEJC7EMIFC2ESQ37DCZBIRH2OAAWVXXJ7,5,Highly recommended.
2026/04/23 08:15:00 PM GMT+5:30,Bob 2,bob2@example.com,GUXT3W5Q4ES33KTMDYK5ZG6UDWLGSWIBDBOGNPUE3P6XYTFHVPOSS4KC,5,Highly recommended.
2026/04/23 08:30:00 PM GMT+5:30,Charlie 3,charlie3@example.com,GGFKTBJ7OCEFQA6LLT7RXCWKIXI2NBNO5TYXBUDSK53QJQBQN7MC6UKE,5,Works exactly as described.
2026/04/23 08:45:00 PM GMT+5:30,Dave 4,dave4@example.com,GCK33PIWOEP2KN7GHJQG64QFRJ4NW45UJNGK3EWFY64GAJDGOFYLHCOS,5,Great experience!
2026/04/23 09:00:00 PM GMT+5:30,Eve 5,eve5@example.com,GFYNBOVFIYMBV3QEYNZ34T4K62PL3BF35YMTPUSJYKJVNKX5CP4PPOJN,5,Loved it.
2026/04/23 09:15:00 PM GMT+5:30,Frank 6,frank6@example.com,GNZR2F3OBNOUNX6BDZ3CN26PRW6SPXXQRXIYAS5EACXDOAT4HYXXF55B,5,Very smooth process.
2026/04/23 09:30:00 PM GMT+5:30,Grace 7,grace7@example.com,G2VP23YOJ6E3CNKK3LRSEPR7XQUCXW54NRYQPW6N3IJN2QYZPR34YVV7,5,Great experience!
2026/04/23 09:45:00 PM GMT+5:30,Heidi 8,heidi8@example.com,GCJ6BO4KBI7Z2FOMMEY4C5NZQM3A6CF56KHBN64COYGVS3L3GSLLTJN3,5,Loved it.
2026/04/23 10:00:00 PM GMT+5:30,Ivan 9,ivan9@example.com,GTZ3DTZFP2YO5XUNNNGMVWDWKNIKGHBYLS35GX7NHJXFRUAGIGAVYCWE,5,Highly recommended.
2026/04/23 10:15:00 PM GMT+5:30,Judy 10,judy10@example.com,G4HDGGOROQ2Y7XOMI54KCSIC5CCOKHWW7LBINGLQCX6IZQY4FZOVOKU3,5,Great experience!
2026/04/23 10:30:00 PM GMT+5:30,Mallory 11,mallory11@example.com,GOH3BBVDGRHGKPUMEBSPU263YE2NVE6P4W6252JNYQLD2PX2SUHGUEXM,5,Great experience!
2026/04/23 10:45:00 PM GMT+5:30,Nina 12,nina12@example.com,GNSJZPSSKCCMVZPV7SOMJTODOBODB5LD3WJSNO53HSR6CQIXBOWZ5GG6,5,Very smooth process.
2026/04/23 11:00:00 PM GMT+5:30,Oscar 13,oscar13@example.com,GOQKLSPCWQB7XOCWJU7M6NG2KCTT776ZZLFFSYF6UMPDGZ47FCOT5527,5,Highly recommended.
2026/04/23 11:15:00 PM GMT+5:30,Peggy 14,peggy14@example.com,GYTPHD7JFPUI64OPMPRJAYKZ4J4L7FMZ3MKDMX2B3NIKKRG64EOZHHSK,5,Great experience!
2026/04/23 11:30:00 PM GMT+5:30,Romeo 15,romeo15@example.com,GQ54OIDK4WDR5RIQ2OAMCAN57YHW5HCK2G7H6UR3MSUX2SF65PM62FNJ,5,Great experience!
2026/04/23 11:45:00 PM GMT+5:30,Sybil 16,sybil16@example.com,G4FL7TPQL63TSTZJ633UURGF7EYL7POACXFVYCHUOBTGBTUC6QESOIUX,5,Works exactly as described.
2026/04/24 12:00:00 AM GMT+5:30,Trent 17,trent17@example.com,GRKULFDERBPDM7KXP3PKOPAYG4UMXB44N4F65NLKEKD6U4LP7WBUIA5R,5,Great experience!
2026/04/24 12:15:00 AM GMT+5:30,Victor 18,victor18@example.com,GBRNFVSESZ5RJGCFMR57HLGCEFIRBHCWURJ33AYQKVMLNB7GR3ESUGZ2,5,Very smooth process.
2026/04/24 12:30:00 AM GMT+5:30,Walter 19,walter19@example.com,GQUNLZSKCAMRC46UP4WUMEH3XYDSURFGXHLZFOVZ3GZ734245M74PKBS,5,Loved it.
2026/04/24 12:45:00 AM GMT+5:30,Zoe 20,zoe20@example.com,GBWVAXXORDUHR5WDL4LNI6TXXCTANZZDLQ4RCRMYDXIDVAN2MWP3TZLE,5,Very smooth process.
2026/04/24 01:00:00 AM GMT+5:30,Sam 21,sam21@example.com,GH2YL7EP56LUMLY4RS67CR652UAMSVO54J6654SS32LA3TPTWWL42VHX,5,Great experience!
2026/04/24 01:15:00 AM GMT+5:30,Tina 22,tina22@example.com,G2G7DTFLZYU4ERHH4L7ULWEXGWDXTGLAMI55H2UVLON3A336VFU5IDJS,5,Highly recommended.
2026/04/24 01:30:00 AM GMT+5:30,Uma 23,uma23@example.com,G5METJ4A4MIF5RTSYGVTQNUUGHHEHLF2V5RBKB5EU5JCG2AWZAMWNWF2,5,Great experience!
2026/04/24 01:45:00 AM GMT+5:30,Xander 24,xander24@example.com,GC2QDHFEF2464AVODUN2U3CVD64L6YJC55TJBY6UCDPJWNLEJYWSKMT6,5,Highly recommended.
2026/04/24 02:00:00 AM GMT+5:30,Yara 25,yara25@example.com,GIMTEOKXFWOXCCHKQK3SSW2V675QL6DE6PNRZOC75IALON6HLLALY3O7,5,Loved it.
